[
  {
    "id": "9fff668d-1c25-407d-a66f-4492f875dcc4",
    "data": [
      {
        "text": "Are you on github?",
        "userDefined": false
      }
    ],
    "isTemplate": false,
    "count": 0,
    "updated": 1542760611
  },
  {
    "id": "2be12334-c868-4271-b402-961930419f52",
    "data": [
      {
        "text": "Who created trivia?",
        "userDefined": false
      }
    ],
    "isTemplate": false,
    "count": 0,
    "updated": 1542760536
  },
  {
    "id": "2f76383c-7fb8-4c44-921d-665903e68120",
    "data": [
      {
        "text": "Who wrote this application?",
        "userDefined": false
      }
    ],
    "isTemplate": false,
    "count": 0,
    "updated": 1542760536
  },
  {
    "id": "580c32e6-22d6-4fda-94d4-4898adc84c5d",
    "data": [
      {
        "text": "Who created you?",
        "userDefined": false
      }
    ],
    "isTemplate": false,
    "count": 0,
    "updated": 1542760536
  }
]