[
  {
    "id": "06b5143d-5e59-473d-bc53-b8a3bc6e34bb",
    "data": [
      {
        "text": "what can you do?",
        "userDefined": false
      }
    ],
    "isTemplate": false,
    "count": 0,
    "updated": 1542648112
  },
  {
    "id": "bbfef808-ed45-474c-8193-49d8b0fec3aa",
    "data": [
      {
        "text": "what does this bot do?",
        "userDefined": false
      }
    ],
    "isTemplate": false,
    "count": 0,
    "updated": 1542648112
  },
  {
    "id": "61ac9c3b-be3e-453c-8832-a7b5fdeb0c51",
    "data": [
      {
        "text": "usage",
        "userDefined": false
      }
    ],
    "isTemplate": false,
    "count": 0,
    "updated": 1542648112
  },
  {
    "id": "c1f19e71-e9db-4ce4-8559-9cf0b4b7a84d",
    "data": [
      {
        "text": "how do you work",
        "userDefined": false
      }
    ],
    "isTemplate": false,
    "count": 0,
    "updated": 1542648112
  },
  {
    "id": "ad4d1ba5-e1b7-4426-b7ed-c7ea391f5e5a",
    "data": [
      {
        "text": "what can I ask",
        "userDefined": false
      }
    ],
    "isTemplate": false,
    "count": 0,
    "updated": 1542648112
  },
  {
    "id": "44500558-c0ee-44ec-abdd-db6f2836d1b2",
    "data": [
      {
        "text": "help",
        "userDefined": false
      }
    ],
    "isTemplate": false,
    "count": 0,
    "updated": 1542648112
  }
]