[
  {
    "id": "b768381a-4403-4f4c-b774-a058b6a3fdb9",
    "data": [
      {
        "text": "What categories are there?",
        "userDefined": false
      }
    ],
    "isTemplate": false,
    "count": 0,
    "updated": 1542641386
  },
  {
    "id": "d344f489-54b8-444b-88d8-7d7f7b9b76a4",
    "data": [
      {
        "text": "List the categories?",
        "userDefined": false
      }
    ],
    "isTemplate": false,
    "count": 0,
    "updated": 1542641386
  },
  {
    "id": "ac8c13fd-cade-4eb7-916c-458d5c5f7668",
    "data": [
      {
        "text": "What are the categories?",
        "userDefined": false
      }
    ],
    "isTemplate": false,
    "count": 0,
    "updated": 1542641386
  }
]