[
  {
    "id": "34f3463f-41ae-4caf-8dc2-3535d4083d41",
    "data": [
      {
        "text": "Ask as ",
        "userDefined": false
      },
      {
        "text": "sports",
        "alias": "category",
        "meta": "@category",
        "userDefined": false
      },
      {
        "text": " question",
        "userDefined": false
      }
    ],
    "isTemplate": false,
    "count": 0,
    "updated": 1543425332
  },
  {
    "id": "87c2838f-38e5-4ed2-89c3-a9977e79e488",
    "data": [
      {
        "text": "Ask a ",
        "userDefined": false
      },
      {
        "text": "sport",
        "alias": "category",
        "meta": "@category",
        "userDefined": false
      },
      {
        "text": " question",
        "userDefined": false
      }
    ],
    "isTemplate": false,
    "count": 0,
    "updated": 1543425332
  },
  {
    "id": "28459625-aa56-4b9e-8fc8-58725fa3027d",
    "data": [
      {
        "text": "ask an ",
        "userDefined": false
      },
      {
        "text": "easy",
        "alias": "difficulty",
        "meta": "@difficulty",
        "userDefined": false
      },
      {
        "text": " question in ",
        "userDefined": false
      },
      {
        "text": "sports",
        "alias": "category",
        "meta": "@category",
        "userDefined": false
      }
    ],
    "isTemplate": false,
    "count": 0,
    "updated": 1543256901
  },
  {
    "id": "f4108dc2-c8cb-4319-ad5e-b5a96e90b297",
    "data": [
      {
        "text": "play again",
        "userDefined": false
      }
    ],
    "isTemplate": false,
    "count": 0,
    "updated": 1543241410
  },
  {
    "id": "887b2c9f-8540-4fbc-94e0-5a5880b5166b",
    "data": [
      {
        "text": "start",
        "userDefined": false
      }
    ],
    "isTemplate": false,
    "count": 0,
    "updated": 1543238901
  },
  {
    "id": "e8f621cf-5dd2-43cc-8f02-708c13ffdea0",
    "data": [
      {
        "text": "start the game",
        "userDefined": false
      }
    ],
    "isTemplate": false,
    "count": 0,
    "updated": 1543238901
  },
  {
    "id": "6db51e0c-70b6-4369-af23-ebecb317ef8d",
    "data": [
      {
        "text": "Ask a ",
        "userDefined": false
      },
      {
        "text": "medium",
        "alias": "difficulty",
        "meta": "@difficulty",
        "userDefined": false
      },
      {
        "text": " difficulty question in ",
        "userDefined": false
      },
      {
        "text": "General Knowledge",
        "alias": "category",
        "meta": "@category",
        "userDefined": false
      }
    ],
    "isTemplate": false,
    "count": 0,
    "updated": 1542643463
  },
  {
    "id": "23d8f10c-5b8a-43d0-9fac-6eb5e8478193",
    "data": [
      {
        "text": "Post an ",
        "userDefined": false
      },
      {
        "text": "easy",
        "alias": "difficulty",
        "meta": "@difficulty",
        "userDefined": false
      },
      {
        "text": " question",
        "userDefined": false
      }
    ],
    "isTemplate": false,
    "count": 0,
    "updated": 1542643463
  },
  {
    "id": "2da706a0-a206-4f42-80b3-076b7fd7231d",
    "data": [
      {
        "text": "New question in ",
        "userDefined": false
      },
      {
        "text": "history",
        "alias": "category",
        "meta": "@category",
        "userDefined": false
      },
      {
        "text": " of difficulty ",
        "userDefined": false
      },
      {
        "text": "easy",
        "alias": "difficulty",
        "meta": "@difficulty",
        "userDefined": false
      }
    ],
    "isTemplate": false,
    "count": 0,
    "updated": 1542641671
  },
  {
    "id": "a3eae87a-233e-4a2a-84c8-0d97f24f6881",
    "data": [
      {
        "text": "Ask a ",
        "userDefined": false
      },
      {
        "text": "hard",
        "alias": "difficulty",
        "meta": "@difficulty",
        "userDefined": false
      },
      {
        "text": " question",
        "userDefined": false
      }
    ],
    "isTemplate": false,
    "count": 0,
    "updated": 1542641671
  },
  {
    "id": "7df6e873-9683-4dff-8509-a04b908ea91f",
    "data": [
      {
        "text": "Ask a question in category ",
        "userDefined": false
      },
      {
        "text": "sports",
        "alias": "category",
        "meta": "@category",
        "userDefined": false
      }
    ],
    "isTemplate": false,
    "count": 0,
    "updated": 1542641525
  },
  {
    "id": "de42c5f4-7f6b-4473-9e9a-342de7ba38a0",
    "data": [
      {
        "text": "Show a new question in ",
        "userDefined": false
      },
      {
        "text": "science",
        "alias": "category",
        "meta": "@category",
        "userDefined": false
      }
    ],
    "isTemplate": false,
    "count": 0,
    "updated": 1542641525
  },
  {
    "id": "51310a99-4307-448b-b831-9b5257397c0a",
    "data": [
      {
        "text": "Next question",
        "userDefined": false
      }
    ],
    "isTemplate": false,
    "count": 0,
    "updated": 1541699499
  },
  {
    "id": "06354abc-de1f-4fe6-b26a-79fd5a14988b",
    "data": [
      {
        "text": "Another one",
        "userDefined": false
      }
    ],
    "isTemplate": false,
    "count": 0,
    "updated": 1541699499
  },
  {
    "id": "2a6eb09a-e499-44b3-981b-f444c2c36d46",
    "data": [
      {
        "text": "Show a trivia question",
        "userDefined": false
      }
    ],
    "isTemplate": false,
    "count": 0,
    "updated": 1541699499
  },
  {
    "id": "0de30ae5-188f-450a-8558-dcf720ccb53a",
    "data": [
      {
        "text": "Ask a new question",
        "userDefined": false
      }
    ],
    "isTemplate": false,
    "count": 0,
    "updated": 1541699499
  }
]