[
  {
    "id": "9f0e03e9-f666-454f-a5b7-05940ff5e64b",
    "data": [
      {
        "text": "Who are the winners?",
        "userDefined": false
      }
    ],
    "isTemplate": false,
    "count": 0,
    "updated": 1543336359
  },
  {
    "id": "469f93b6-4186-4e6e-aa6b-1e4a5eb5ae7b",
    "data": [
      {
        "text": "How many questions have been asked?",
        "userDefined": false
      }
    ],
    "isTemplate": false,
    "count": 0,
    "updated": 1543279761
  },
  {
    "id": "4b5b8ee1-8168-41ab-a956-c2ad4081dd65",
    "data": [
      {
        "text": "What are the statistics?",
        "userDefined": false
      }
    ],
    "isTemplate": false,
    "count": 0,
    "updated": 1543279761
  },
  {
    "id": "7617cbf0-d2fe-40b8-9fd0-4d90f84d900a",
    "data": [
      {
        "text": "What are the stats?",
        "userDefined": false
      }
    ],
    "isTemplate": false,
    "count": 0,
    "updated": 1543279761
  },
  {
    "id": "908a41cf-3534-4012-9eb5-7a2bc0e52d61",
    "data": [
      {
        "text": "Who won the most?",
        "userDefined": false
      }
    ],
    "isTemplate": false,
    "count": 0,
    "updated": 1543279761
  },
  {
    "id": "eb2f1881-31f3-4536-b08f-b4423ea84a9a",
    "data": [
      {
        "text": "Show the stats",
        "userDefined": false
      }
    ],
    "isTemplate": false,
    "count": 0,
    "updated": 1543279761
  }
]